C01	concours	1	4	01-wadhifat-al-ittisal+05-al-hadm+07-ad-dawaran+09-al-ikhraj	-	choisir la proposition exacte sur nerfs, digestion, cœur et sécrétion rénale	1	confondre nerfs crâniens et spinaux, filtration et sécrétion	d2
C01	concours	2	4	10-an-nudj-al-jinsi+12-takawwun-al-janin	-	légender gamètes et embryon, localiser leur formation et maturation, indiquer le devenir	5	confondre lieu de formation et lieu de maturation des gamètes	d2
C01	concours	3	4	03-al-ibsar	-	identifier un défaut visuel, tracer l'image, choisir la lentille, argumenter sur l'iris	5	confondre myopie et hypermétropie, lentille convergente et divergente	d3
C01	concours	4	8	06-dirasat-ad-dam+08-at-tanaffus	-	exploiter expériences, tableaux et histogrammes pour relier échanges gazeux, transport sanguin, glucose	6	traiter oxygène et gaz carbonique comme transportés pareillement	d4
C02	concours	1	4	01-wadhifat-al-ittisal+05-al-hadm+07-ad-dawaran+11-ad-dawra-al-jinsiya	-	choisir la proposition exacte sur moelle, digestion, capillaires et phase du cycle	1	confondre substance blanche et grise, phase folliculaire et lutéale	d2
C02	concours	2	4	05-al-hadm+08-at-tanaffus	-	nommer des surfaces d'échange, relier structure et fonction, écrire l'équation respiratoire	5	inverser le sens des flux entre milieu intérieur et cellule	d2
C02	concours	3	4	11-ad-dawra-al-jinsiya+12-takawwun-al-janin	-	reconnaître, situer et dater les étapes de la reproduction, citer un rôle	4	confondre ovulation, fécondation et nidation, leurs lieux et leurs dates	d3
C02	concours	4	4	01-wadhifat-al-ittisal+03-al-ibsar	-	formuler des hypothèses, les départager par des examens, retracer le trajet visuel	4	conclure sur la lésion à partir d'un seul examen insuffisant	d3
C02	concours	5	4	09-al-ikhraj	-	analyser des courbes du néphron pour identifier substances, zones et rôle	4	confondre réabsorption et sécrétion tubulaires selon le sens de variation	d3
C03	concours	1	4	01-wadhifat-al-ittisal+05-al-hadm+07-ad-dawaran	-	choisir la proposition exacte sur digestion, milieu intérieur, nerfs crâniens et absorption	1	confondre digestion et absorption, milieu intérieur et eau corporelle totale	d2
C03	concours	2	4	07-ad-dawaran+08-at-tanaffus	-	annoter un schéma cardiaque, compléter la double circulation, citer les échanges gazeux	4	inverser sens du sang et circuits pulmonaire et général	d2
C03	concours	3	4	09-al-ikhraj	-	légender un néphron, citer ses fonctions, situer des prélèvements d'après leur composition	4	confondre composition du filtrat, du sang et de l'urine	d3
C03	concours	4	5	11-ad-dawra-al-jinsiya+12-takawwun-al-janin	-	comparer des courbes de température pour déduire ovulation, fécondation et gestation	5	prendre un plateau thermique prolongé pour un cycle ordinaire	d4
C03	concours	5	3	01-wadhifat-al-ittisal+02-al-af3al-al-in3ikasiya	-	interpréter des stimulations d'un nerf sectionné, déduire rôle et nature des fibres	4	confondre bout central et bout périphérique du nerf sectionné	d3
C04	concours	1	4	03-al-ibsar+09-al-ikhraj+10-an-nudj-al-jinsi+12-takawwun-al-janin	-	choisir l'énoncé exact sur reproduction, vision et excrétion	1	confondre glandes annexes et gonades, cristallin et iris	d2
C04	concours	2	4	01-wadhifat-al-ittisal+02-al-af3al-al-in3ikasiya+03-al-ibsar	-	légender, comparer et situer des fibres nerveuses, puis typer des nerfs	4	confondre coupe transversale et longitudinale, nerf sensitif et nerf mixte	d2
C04	concours	3	4	11-ad-dawra-al-jinsiya	-	nommer des structures ovariennes, les ordonner, situer la phase et le devenir	5	inverser l'ordre des structures ou confondre corps jaune et follicule	d2
C04	concours	4	8	05-al-hadm	-	comparer des essais, lire un histogramme, rédiger le rôle des organes digestifs	7	prêter à la bile un rôle enzymatique au lieu d'émulsifier	d4
C05	concours	1	4	07-ad-dawaran+08-at-tanaffus+10-an-nudj-al-jinsi	-	choisir la proposition exacte sur respiration, circulation pulmonaire et maturation ovocytaire	1	confondre sang oxygéné et sang veineux, sens des circuits	d2
C05	concours	2	4	05-al-hadm	-	légender un schéma digestif, relier sécrétions et rôles, nommer la surface d'absorption	4	confondre organe sécréteur et lieu de la digestion	d2
C05	concours	3	4	10-an-nudj-al-jinsi+11-ad-dawra-al-jinsiya	-	légender les gamètes, comparer leur devenir, dater l'ovulation sur un calendrier	5	placer l'ovulation à mi-cycle plutôt qu'avant les règles suivantes	d3
C05	concours	4	4.5	01-wadhifat-al-ittisal+02-al-af3al-al-in3ikasiya	-	formuler des hypothèses, les tester par stimulations, conclure d'après coupes microscopiques	6	accuser le nerf alors que le centre nerveux est lésé	d4
C05	concours	5	3.5	03-al-ibsar	-	comparer des coupes oculaires, déduire le défaut, choisir la correction	5	confondre allongement du globe et excès de convergence du cristallin	d3
C06	concours	1	4	05-al-hadm+06-dirasat-ad-dam+07-ad-dawaran+08-at-tanaffus	-	choisir la proposition exacte sur pouls, enzymes, transport d'oxygène et milieu intérieur	1	confondre digestion chimique, absorption et transport d'un gaz par l'hémoglobine	d2
C06	concours	2	4	01-wadhifat-al-ittisal+02-al-af3al-al-in3ikasiya+03-al-ibsar	-	titrer des schémas nerveux, remplir un tableau, tracer trajets sensitif et moteur	4	placer le centre du réflexe au cerveau et inversement	d2
C06	concours	3	4	07-ad-dawaran	-	annoter des schémas cardiaques, identifier les phases, compléter le circuit sanguin	5	confondre valvules ouvertes et fermées selon la phase	d3
C06	concours	4	8	04-al-hajiyat-al-ghithaiya+08-at-tanaffus	-	évaluer des apports énergétiques, exploiter courbes et tableau, expliquer la production d'énergie	8	appliquer la même énergie par gramme à toutes les matières	d4
