D01	concours	1	3	19-valeur-absolue+02-racines-carrees+04-equations-inequations	math.num.racines-calcul+math.num.valeur-absolue+math.alg.inequations	QCM : diagonale d'un carré, inéquation à valeur absolue, racine d'un carré	2	oublier la valeur absolue en extrayant une racine	d2
D01	concours	2	3.5	19-valeur-absolue+02-racines-carrees+17-ordre-et-comparaison	math.num.racines-calcul+math.num.ordre-encadrement+math.num.valeur-absolue	réduire un réel à radicaux → signe → inverses → racine de valeurs absolues	7	lever les valeurs absolues sans en étudier le signe	d3
D01	concours	3	3.5	12-repere-plan+08-thales	math.geo.thales-direct+math.vec.repere-calculs+hors-registre:centre-de-gravite	en repère : prouver parallélisme → Thalès → centre de gravité → coordonnées → aire	7	calculer l'intersection au lieu de reconnaître une médiane	d3
D01	concours	4	5	04-equations-inequations+09-triangle-rectangle-trigo	math.alg.equations-produit+math.mes.aires+math.geo.pythagore	résoudre équation produit → exprimer aire paramétrée → la minorer → trouver le paramètre	10	retenir une solution hors de l'intervalle imposé	d4
D01	concours	5	5	09-triangle-rectangle-trigo+18-quadrilateres+HP:cercle	math.geo.relations-metriques+math.geo.quadrilateres+math.geo.cercle	exploiter un cercle : relations métriques → centre de gravité → rectangle → alignement → aire	10	se fier à la figure pour affirmer l'alignement	d4
D02	concours	1	3	15-numeration-et-calcul+19-valeur-absolue+12-repere-plan	math.num.valeur-absolue+math.num.criteres-divisibilite+math.vec.repere-coordonnees	QCM : équation à valeur absolue, chiffres par divisibilité, coordonnées en repère oblique	2	retenir une seule solution pour une valeur absolue	d2
D02	concours	2	4	19-valeur-absolue+02-racines-carrees+17-ordre-et-comparaison	math.num.racines-calcul+math.num.ordre-encadrement+math.num.valeur-absolue	simplifier des réels à radicaux → inverses → encadrement → inégalité à valeurs absolues	8	passer à l'inverse sans renverser les inégalités	d3
D02	concours	3	6	04-equations-inequations+08-thales+09-triangle-rectangle-trigo	math.alg.equations-produit+math.geo.thales-direct+math.geo.relations-metriques	résoudre équation produit → Thalès, relation métrique → aire paramétrée → nature du quadrilatère	12	ne pas relier l'équation d'aire à la factorisation initiale	d4
D02	concours	4	3	09-triangle-rectangle-trigo+20-orthogonalite-espace	math.esp.solides-espace+math.geo.pythagore+hors-registre:orthogonalite-espace	prouver des orthogonalités droite-plan dans une pyramide puis calculer des longueurs	5	conclure à l'orthogonalité avec une seule droite du plan	d3
D02	concours	5	4	18-quadrilateres	math.geo.quadrilateres+hors-registre:centre-de-gravite	prouver un losange → centres de gravité successifs → alignements → rapport de longueurs	8	confondre les rapports sommet-centre et centre-milieu d'une médiane	d4
D03	concours	1	3	15-numeration-et-calcul+07-statistiques+12-repere-plan	math.prob.experience-aleatoire+math.num.criteres-divisibilite+math.vec.repere-coordonnees	QCM : probabilité d'un événement arithmétique, divisibilité d'un grand nombre, symétrique en repère	3	compter une issue impossible parmi les cas favorables	d2
D03	concours	2	3.5	02-racines-carrees+17-ordre-et-comparaison+03-calcul-litteral	math.num.racines-calcul+math.num.ordre-encadrement+math.alg.identites-remarquables	extraire racine d'un carré → rationaliser → inverses → comparer un réel à son carré	8	oublier le signe avant d'extraire la racine d'un carré	d3
D03	concours	3	4.5	19-valeur-absolue+04-equations-inequations	math.alg.equations-produit+math.alg.inequations+math.num.valeur-absolue	vérifier factorisation → équation produit → majorer sur intervalle → (in)équations à valeur absolue	8	retenir une solution hors de l'intervalle imposé	d3
D03	concours	4	4.5	09-triangle-rectangle-trigo+20-orthogonalite-espace	math.esp.cube-pave+math.geo.pythagore+hors-registre:orthogonalite-espace	calculer longueurs dans un pavé → Pythagore réciproque → orthogonalité droite-plan → intersection de plans	9	supposer un angle droit lu sur la perspective	d4
D03	concours	5	4.5	04-equations-inequations+08-thales	math.mes.aires+math.alg.equations-produit+math.geo.thales-direct	exprimer aire de trapèze → équation produit → milieux, orthogonalité → centre de gravité → coordonnées	8	confondre longueurs mesurées et unités du repère	d4
D04	concours	1	3	16-puissances+07-statistiques+12-repere-plan	math.vec.repere-coordonnees+math.num.puissances+math.stat.moyenne-mediane	QCM : repère d'un carré, nombre de chiffres d'une puissance, moyenne par cumuls	3	prendre les effectifs cumulés pour des effectifs simples	d2
D04	concours	2	4	02-racines-carrees+03-calcul-litteral	math.num.racines-calcul+math.alg.identites-remarquables	calculer carrés à radicaux → rationaliser → carré d'une somme → valeurs exactes des inconnues	9	extraire une racine sans utiliser la positivité donnée	d3
D04	concours	3	4.5	03-calcul-litteral+04-equations-inequations+09-triangle-rectangle-trigo	math.alg.identites-remarquables+math.alg.inequations+math.geo.pythagore	reconnaître carré → équation, inéquation à valeur absolue → Pythagore paramétré → restreindre paramètre	7	oublier la positivité du paramètre dans l'ensemble final	d3
D04	concours	4	5	08-thales+18-quadrilateres	math.geo.thales-direct+math.geo.quadrilateres+hors-registre:centre-de-gravite	prouver triangles particuliers → milieux par Thalès → centre de gravité → losange et aire	10	lire l'angle droit sur la figure sans justification	d4
D04	concours	5	3.5	09-triangle-rectangle-trigo+20-orthogonalite-espace	math.esp.solides-espace+math.geo.pythagore+hors-registre:orthogonalite-espace	calculer des longueurs dans une pyramide → angle droit → orthogonalité droite-plan → milieu	6	ignorer le parallélisme des perpendiculaires à un même plan	d4
D05	concours	1	3	16-puissances+04-equations-inequations+12-repere-plan	math.alg.inequations+math.num.puissances+math.vec.repere-coordonnees	QCM : inéquation linéaire, divisibilité d'une différence de puissances, symétrie en repère	2	oublier de renverser l'inégalité en divisant par un négatif	d2
D05	concours	2	3.5	19-valeur-absolue+02-racines-carrees+03-calcul-litteral	math.num.racines-calcul+math.num.valeur-absolue+math.alg.identites-remarquables	lever une valeur absolue par comparaison → réduire → inverse → racine d'un carré	8	écrire la racine d'un carré sans valeur absolue	d3
D05	concours	3	4.5	03-calcul-litteral+04-equations-inequations+08-thales	math.alg.factorisation+math.alg.equations-produit+math.geo.thales-direct	factoriser par différence de carrés → résoudre → encadrer → Thalès paramétré → égaler des aires	11	retenir une solution hors de l'intervalle imposé	d4
D05	concours	4	5	08-thales+09-triangle-rectangle-trigo+HP:cercle	math.geo.thales-direct+math.geo.pythagore+math.geo.cercle	exploiter centre de gravité → cercle et parallélisme → Thalès → orthocentre, alignement → aire	11	ne pas exploiter l'angle droit donné par un diamètre	d4
D05	concours	5	4	09-triangle-rectangle-trigo+HP:volumes	math.geo.pythagore+math.mes.volumes+hors-registre:orthogonalite-espace	calculer longueurs dans un pavé → angle droit → carré → orthogonalité droite-plan → volume	8	prendre une arête oblique pour la hauteur de la pyramide	d4
D06	DC1	1	5	19-valeur-absolue+16-puissances+12-repere-plan	math.num.puissances+math.num.valeur-absolue+math.vec.repere-coordonnees	QCM : divisibilité de puissances, valeur absolue, symétries repérées, nature d'un développement périodique	2	confondre valeur exacte et approchée ; signe d'une valeur absolue	d2
D06	DC1	2	5	01-nombres-reels+02-racines-carrees	math.num.ensembles-nombres+math.num.racines-definition	compléter un diagramme d'ensembles emboîtés → classer des réels → intersections	4	juger rationnelle la racine d'un décimal non carré	d2
D06	DC1	3	4	03-calcul-litteral+04-equations-inequations	math.alg.developpement+math.alg.equations-premier-degre	réduire des expressions à radicaux et crochets imbriqués → évaluer → équation d'opposés	6	erreur de signe en ôtant des parenthèses précédées d'un moins	d2
D06	DC1	4	6	12-repere-plan+18-quadrilateres	math.vec.repere-coordonnees+math.vec.repere-calculs+math.geo.quadrilateres	calculer en repère distance, milieu, symétrique → déduire parallélisme → ensemble de points	7	donner une droite entière au lieu d'un segment	d3
D07	DC1	1	5	15-numeration-et-calcul+07-statistiques+12-repere-plan	math.prob.denombrement-issues+math.num.criteres-divisibilite+math.vec.repere-coordonnees	QCM : chiffre lointain d'un développement périodique, dénombrement, divisibilité, changement de repère	3	oublier la décimale hors période ; accepter un zéro initial	d2
D07	DC1	2	4	15-numeration-et-calcul+16-puissances	math.num.criteres-divisibilite+math.num.puissances	déterminer exhaustivement des chiffres inconnus pour une divisibilité composée → divisibilité via puissances	6	oublier un cas ; ne pas ramener à une même base	d3
D07	DC1	3	4	01-nombres-reels+02-racines-carrees+17-ordre-et-comparaison	math.num.ensembles-nombres+math.num.racines-definition+math.num.ordre-encadrement	déterminer des intersections d'ensembles → développement périodique d'une fraction → approximation par excès	5	juger irrationnelle toute écriture contenant un radical	d2
D07	DC1	4	7	12-repere-plan+18-quadrilateres	math.vec.repere-coordonnees+math.vec.repere-calculs+math.geo.quadrilateres	calculer en repère milieu, sommet de parallélogramme, symétrique → angle droit → ensemble	8	se tromper d'ordre des sommets du parallélogramme	d3
D08	DC2	1	2	19-valeur-absolue+02-racines-carrees+04-equations-inequations	math.num.racines-calcul+math.num.valeur-absolue+math.alg.equations-produit	vrai-faux/QCM : conjugué, racine de carré, équations à valeur absolue, produit nul	3	diviser par l'inconnue et perdre la solution nulle	d2
D08	DC2	2	7	02-racines-carrees+03-calcul-litteral	math.num.racines-calcul+math.alg.identites-remarquables+math.alg.developpement	simplifier radicaux → conjugué → inverses → factoriser puis évaluer une racine de carré	8	oublier que la racine d'un carré est une valeur absolue	d4
D08	DC2	3	7	12-repere-plan+18-quadrilateres	math.vec.repere-coordonnees+math.geo.droites-perp-para+math.geo.quadrilateres	prouver en repère perpendicularités → symétrie axiale → projection selon une direction → losange	7	projeter orthogonalement au lieu de suivre la direction imposée	d3
D08	DC2	4	4	08-thales	math.geo.thales-direct	établir des rapports de Thalès, calculer, puis réitérer en configuration papillon	6	situer mal le point d'intersection, sommer au lieu de soustraire	d3
D09	DC2	1	5	02-racines-carrees+08-thales	math.num.racines-calcul+math.geo.thales-direct+math.mes.aires	QCM : radicaux et valeur absolue, inverse, droite des milieux, opposé, rapport d'aires	2	ne distribuer le facteur que sur un terme	d2
D09	DC2	2	7	19-valeur-absolue+02-racines-carrees+03-calcul-litteral	math.num.racines-calcul+math.num.valeur-absolue+math.alg.identites-remarquables	réduire radicaux et valeurs absolues → inverses → opposés → évaluer puis résoudre	9	lever une valeur absolue sans étudier le signe	d3
D09	DC2	4	8	08-thales+18-quadrilateres	math.geo.thales-direct+math.geo.quadrilateres	construire une figure → rapports en configuration papillon → parallélogramme → droite des milieux	8	mal apparier les côtés homologues en configuration papillon	d3
D10	DS1	1	4	15-numeration-et-calcul+02-racines-carrees+12-repere-plan	math.num.criteres-divisibilite+math.num.racines-calcul+math.vec.repere-calculs	QCM mixte : divisibilité à chiffre littéral, racine, centre de symétrie, trapèze	2	racine d'une somme prise pour somme des racines	d2
D10	DS1	2	3	19-valeur-absolue+02-racines-carrees+03-calcul-litteral	math.num.racines-calcul+math.alg.factorisation+math.num.valeur-absolue	réduire des radicaux → factoriser par facteur commun → reconnaître un carré → racine	5	racine d'un carré donnée négative sans valeur absolue	d3
D10	DS1	3	6.5	02-racines-carrees+04-equations-inequations+08-thales	math.num.racines-calcul+math.alg.equations-produit+math.geo.thales-direct	rationaliser des radicaux → nombres inverses → trinôme factorisé → longueur par Thalès	8	retenir la solution négative comme longueur	d4
D10	DS1	4	6.5	12-repere-plan+08-thales+09-triangle-rectangle-trigo	math.vec.repere-calculs+math.geo.thales-direct+math.geo.pythagore	coordonnées via un rayon → symétrique → distances → parallèle et projection, milieu	8	abscisse irrationnelle au-delà de l'origine mal signée	d4
D11	DS1	1	4	19-valeur-absolue+02-racines-carrees+08-thales	math.geo.thales-direct+math.num.valeur-absolue+math.num.racines-calcul	vrai/faux corrigé sur droites des milieux ; QCM justifié, parfois sans bonne option	2	parallélisme oublié pour les milieux ; signe perdu en distribuant	d2
D11	DS1	2	4	15-numeration-et-calcul+19-valeur-absolue+04-equations-inequations	math.num.valeur-absolue+math.alg.equations-premier-degre+math.num.criteres-divisibilite	équations à valeur absolue ou impossibles → divisibilité → réduire puis substituer	5	accepter une solution pour une équation impossible déguisée	d3
D11	DS1	3	3.5	02-racines-carrees+03-calcul-litteral	math.num.racines-calcul+math.alg.identites-remarquables	simplifier des radicaux → montrer des inverses → déduire une somme de quotients	5	racine du carré d'un négatif laissée négative	d3
D11	DS1	4	2.5	12-repere-plan+18-quadrilateres	math.vec.repere-coordonnees+math.vec.repere-calculs+math.geo.quadrilateres	calculer coordonnées : milieu, segment décrit, point sur demi-droite, parallélogramme, autre repère	6	retenir le point situé hors de la demi-droite	d3
D11	DS1	5	6	08-thales+18-quadrilateres	math.geo.thales-direct+math.geo.quadrilateres	trapèze : prouver un milieu, retrouver une base → triangle : Thalès, droite des milieux	5	sommer les bases au lieu d'en prendre la différence	d3
D12	DC3	1	7	03-calcul-litteral+04-equations-inequations	math.alg.factorisation+math.alg.equations-produit+math.alg.mise-en-equation	forme canonique → factoriser → résoudre ; réinvestir dans une mise en équation et Thalès	7	retenir la solution négative pour une grandeur positive	d4
D12	DC3	2	6	03-calcul-litteral+04-equations-inequations+09-triangle-rectangle-trigo	math.alg.factorisation+math.alg.mise-en-equation+math.geo.pythagore	forme canonique → factoriser → résoudre ; Pythagore donne l'équation vérifiée par un rayon	8	retenir chaque solution sans vérifier la contrainte géométrique	d4
D12	DC3	3	7	08-thales+09-triangle-rectangle-trigo+HP:droites-remarquables	math.geo.relations-metriques+math.geo.pythagore+math.geo.thales-direct	angle droit par cercle → relations métriques → Thalès → orthocentre, alignement → centre de gravité	10	centre de gravité affirmé sans rapport sur la médiane	d4
D13	DC3	1	4	02-racines-carrees+16-puissances	math.num.puissances+math.num.racines-calcul	QCM et vrai/faux : règles des puissances sur radicaux, exposants négatifs, inverses	2	appliquer l'exposant au coefficient devant la racine	d2
D13	DC3	2	6	02-racines-carrees+16-puissances+03-calcul-litteral	math.num.puissances+math.num.racines-calcul+math.alg.identites-remarquables	calculer avec puissances de radicaux, puis réduire en une seule puissance	4	signe d'une base négative à exposant pair ou impair	d3
D13	DC3	3	10	08-thales+09-triangle-rectangle-trigo+HP:droites-remarquables	math.geo.pythagore+math.geo.relations-metriques+math.geo.thales-direct	angle droit, puis centres de gravité successifs via médianes et milieux	8	centre de gravité affirmé sans rapport sur la médiane	d3
D14	DC4	1	7	02-racines-carrees+03-calcul-litteral+09-triangle-rectangle-trigo	math.num.racines-calcul+math.alg.identites-remarquables+math.geo.pythagore	réduire des radicaux → inverses → identité, racine d'un carré → longueurs via Pythagore	8	racine d'un carré donnée négative sans valeur absolue	d4
D14	DC4	2	7	03-calcul-litteral+04-equations-inequations+09-triangle-rectangle-trigo	math.alg.factorisation+math.alg.equations-produit+math.geo.pythagore	forme canonique → factoriser → résoudre ; Pythagore et réciproque ramènent à l'équation	8	écarter une solution valide ou oublier l'intervalle imposé	d4
D14	DC4	3	6	08-thales+09-triangle-rectangle-trigo+HP:droites-remarquables	math.geo.relations-metriques+math.geo.pythagore+math.geo.thales-direct	angle droit par diamètre → relations métriques → orthocentre, point sur cercle → Thalès	9	chercher les hauteurs issues des mauvais sommets	d4
D15	DC4	1	6	19-valeur-absolue+16-puissances+03-calcul-litteral	math.alg.identites-remarquables+math.num.puissances+math.num.valeur-absolue	calcul astucieux par identités → puissances de conjugués → comparer → racine de carrés développés	5	racine du carré d'une différence négative gardée négative	d3
D15	DC4	2	5	03-calcul-litteral+04-equations-inequations	math.alg.factorisation+math.alg.identites-remarquables+math.alg.equations-produit	substituer un radical → factoriser par identités → facteur commun via combinaison → produit nul	6	erreur de signe en soustrayant des expressions parenthésées	d3
D15	DC4	3	9	09-triangle-rectangle-trigo+18-quadrilateres+HP:droites-remarquables	math.geo.pythagore+math.geo.quadrilateres	prouver rectangle → longueurs, réciproque de Pythagore → centre de gravité, alignement → parallélogramme	10	alignement affirmé sans établir le milieu sur la diagonale	d3
D16	DS2	1	3	15-numeration-et-calcul+12-repere-plan+09-triangle-rectangle-trigo	math.num.criteres-divisibilite+math.vec.repere-coordonnees+math.geo.pythagore	QCM : factoriser pour tester une divisibilité, symétrie repérée, longueur dans un cube	3	développer le carré au lieu de factoriser ; dénominateur non rationalisé	d2
D16	DS2	2	5	02-racines-carrees+17-ordre-et-comparaison+09-triangle-rectangle-trigo	math.num.ordre-encadrement+math.num.racines-calcul+math.geo.relations-metriques	encadrer des conjugués à radicaux → relations métriques → radicaux imbriqués → périmètre	8	encadrer par l'inverse en oubliant de renverser l'ordre	d4
D16	DS2	3	3	03-calcul-litteral+04-equations-inequations+08-thales	math.alg.factorisation+math.alg.equations-produit+math.geo.thales-direct	vérifier une forme canonique, factoriser, résoudre ; Thalès aboutit à la même équation	6	garder la racine négative pour une longueur	d3
D16	DS2	4	5.5	08-thales+09-triangle-rectangle-trigo+18-quadrilateres+HP:cercle	math.geo.pythagore+math.geo.quadrilateres+math.geo.thales-direct	trapèze rectangle : Pythagore et réciproque, parallélogramme, cocyclicité, parallélisme, longueur	12	ne pas voir le concours des hauteurs	d4
D16	DS2	5	3.5	09-triangle-rectangle-trigo+20-orthogonalite-espace	math.esp.solides-espace+math.geo.pythagore	pyramide régulière : demi-diagonale, Pythagore, orthogonalité droite-plan pour un angle droit caché	6	croire l'angle droit évident sans l'orthogonalité au plan	d3
D17	DS2	1	3	02-racines-carrees+03-calcul-litteral	math.num.racines-calcul+math.alg.identites-remarquables	QCM et vrai/faux : reconnaître un carré parfait sous radical, simplifier des quotients	3	négliger le signe en développant le carré d'une différence	d2
D17	DS2	2	5	02-racines-carrees+17-ordre-et-comparaison+03-calcul-litteral	math.num.ordre-encadrement+math.num.racines-calcul+math.alg.identites-remarquables	comparer des réels à radicaux par signes et carrés, ordonner les inverses	8	comparer des négatifs par leurs carrés sans renverser	d3
D17	DS2	3	5	03-calcul-litteral+04-equations-inequations	math.alg.factorisation+math.alg.identites-remarquables+math.alg.equations-produit	évaluer en un radical, forme canonique, factoriser, résoudre une équation produit	5	ne pas voir la constante comme carré d'un radical	d2
D17	DS2	4	7	09-triangle-rectangle-trigo+HP:cercle+HP:centre-gravite	math.geo.relations-metriques+math.geo.pythagore+math.geo.cercle	prouver un angle droit (réciproque, cercle) → relations métriques → centre de gravité → aire	11	mal placer le centre de gravité sur la médiane	d3
D18	DC5	1	5	17-ordre-et-comparaison+09-triangle-rectangle-trigo+18-quadrilateres	math.num.ordre-encadrement+math.geo.pythagore+math.geo.quadrilateres	QCM : opérer sur des encadrements, situer un rationnel, rayon via diagonales égales	2	soustraire les bornes homologues ; oublier de renverser l'ordre	d2
D18	DC5	2	7	01-nombres-reels+19-valeur-absolue+17-ordre-et-comparaison	math.num.ordre-encadrement+math.num.valeur-absolue+math.num.ensembles-nombres	opérer sur des intervalles, puis encadrer somme, différence, valeur absolue, produit, quotient	8	encadrer une différence ou un quotient borne à borne	d3
D18	DC5	3	8	09-triangle-rectangle-trigo+18-quadrilateres	math.geo.quadrilateres+math.geo.pythagore+math.mes.aires	symétrie centrale → losange → parallélogramme → angle droit → rectangle ; aires	10	aire du losange sans la moitié ; parallélogramme mal justifié	d4
D19	DC5	1	4	19-valeur-absolue+04-equations-inequations	math.alg.equations-produit+math.alg.equations-premier-degre+math.num.valeur-absolue	QCM et vrai/faux : équation produit, équation à dénominateur, inégalités en valeur absolue	2	confondre inégalité large et stricte, se tromper de signe	d1
D19	DC5	2	7	03-calcul-litteral+04-equations-inequations	math.alg.equations-premier-degre+math.alg.factorisation+math.alg.equations-produit	résoudre des équations à coefficient radical ; factoriser puis appliquer le produit nul	6	laisser un radical au dénominateur ; diviser par l'inconnue	d2
D19	DC5	3	5	12-repere-plan+18-quadrilateres	math.vec.repere-calculs+math.vec.repere-coordonnees+math.geo.quadrilateres	calculer dans un repère : distance, milieu, symétrique ; parallélogramme ; droite des milieux	7	confondre symétrique et milieu dans le calcul	d2
D20	DC6	1	4.5	19-valeur-absolue+17-ordre-et-comparaison+18-quadrilateres	math.num.ordre-encadrement+math.num.valeur-absolue+math.geo.quadrilateres	vrai/faux : encadrer un produit, valeur absolue, inéquation, caractériser des quadrilatères	2	multiplier bornes à bornes malgré des signes contraires ; réciproques abusives	d2
D20	DC6	2	7.5	19-valeur-absolue+03-calcul-litteral+04-equations-inequations+HP:inequation-produit	math.alg.factorisation+math.alg.inequations+math.num.valeur-absolue	évaluer, factoriser par forme canonique, résoudre (in)équations, dont une via valeur absolue	9	diviser par l'inconnue et perdre une solution	d3
D20	DC6	3	8	09-triangle-rectangle-trigo+18-quadrilateres	math.geo.pythagore+math.geo.quadrilateres+math.geo.droites-perp-para	réciproque de Pythagore → rectangle, parallélogramme, milieu → projection parallèle → losange → orthogonalité	9	confondre projection parallèle et projection orthogonale	d3
D21	DC6	1	-	04-equations-inequations+07-statistiques+20-orthogonalite-espace	math.alg.inequations+math.stat.moyenne-mediane+math.esp.cube-pave	QCM : inéquation à coefficient négatif, médiane non triée, triangle dans un cube	2	ne pas renverser l'inégalité ; médiane sans trier	d1
D21	DC6	2	-	07-statistiques	math.stat.moyenne-mediane+math.stat.effectifs-frequences+math.stat.mode	exploiter une série en classes : moyenne, mode, étendue ; fréquences cumulées, polygone, médiane	7	confondre mode et médiane ; lire la médiane sans cumuler	d2
D21	DC6	3	-	03-calcul-litteral+04-equations-inequations	math.alg.inequations+math.alg.equations-produit+math.alg.identites-remarquables	résoudre : équations se ramenant au produit nul, inéquations à coefficients radicaux	4	oublier la solution opposée ; signe d'un coefficient radical	d3
D21	DC6	4	-	09-triangle-rectangle-trigo+20-orthogonalite-espace	math.esp.cube-pave+math.geo.pythagore	pavé droit : orthogonalité droite-plan, triangle rectangle induit, diagonale par Pythagore	5	justifier l'orthogonalité avec une seule droite du plan	d2
D22	DS3	1	3	12-repere-plan+09-triangle-rectangle-trigo	math.geo.pythagore+math.mes.aires+math.vec.repere-calculs	QCM, complétion, vrai/faux : médiane relative à l'hypoténuse, rapport d'aires, angle droit repéré	3	rapport des périmètres pris pour celui des aires	d3
D22	DS3	2	5	03-calcul-litteral+18-quadrilateres	math.geo.quadrilateres+math.mes.aires+math.alg.identites-remarquables	prouver parallélogramme et périmètre invariant ; exprimer des aires ; maximiser par forme canonique	10	passer des carrés aux nombres sans vérifier leur signe	d4
D22	DS3	3	4	02-racines-carrees+17-ordre-et-comparaison+04-equations-inequations+HP:inequation-quotient	math.alg.inequations+math.num.ordre-encadrement+math.num.racines-calcul	transformer une expression rationnelle, résoudre des inéquations par comparaison d'inverses, réunion d'intervalles	8	inverser une inégalité sans examiner le signe du dénominateur	d4
D22	DS3	4	4	09-triangle-rectangle-trigo+20-orthogonalite-espace+HP:centre-gravite	math.esp.solides-espace+math.geo.relations-metriques+math.geo.pythagore	pyramide régulière : relations métriques, orthogonalités droite-plan en cascade, centre de gravité	9	ne pas reconnaître le centre de gravité via le rapport	d4
D22	DS3	5	4	12-repere-plan+09-triangle-rectangle-trigo+18-quadrilateres+HP:cercle	math.vec.repere-calculs+math.geo.quadrilateres+math.geo.relations-metriques	repère : coordonnées, symétrique, rectangle, parallélogramme → angle droit → relations métriques → aire	11	lire graphiquement une coordonnée irrationnelle en valeur approchée	d4
D23	DS3	1	4	02-racines-carrees+17-ordre-et-comparaison+09-triangle-rectangle-trigo	math.num.racines-calcul+math.num.ordre-encadrement+math.geo.pythagore	choisir la bonne réponse : radicaux, carré d'un encadrement, longueurs spatiales	3	oublier que le carré inverse l'ordre des négatifs	d2
D23	DS3	2	6	17-ordre-et-comparaison+03-calcul-litteral+04-equations-inequations	math.alg.factorisation+math.alg.equations-produit+math.num.ordre-encadrement	résoudre (in)équation linéaire → factoriser un trinôme → équation produit → encadrer un produit	9	multiplier des encadrements sans contrôler le signe des facteurs	d3
D23	DS3	3	4	04-equations-inequations	math.alg.equations-produit+math.alg.mise-en-equation+math.mes.aires	vérifier une forme factorisée, résoudre, puis modéliser une aire variable	6	retenir la solution négative pour une longueur	d3
D23	DS3	4	6	08-thales+09-triangle-rectangle-trigo+20-orthogonalite-espace	math.esp.cube-pave+math.geo.pythagore+math.geo.thales-direct	prouver une orthogonalité droite-plan → Pythagore dans l'espace → droite des milieux	9	appliquer Pythagore sans justifier l'angle droit spatial	d3
D24	serie	1	-	15-numeration-et-calcul	math.num.criteres-divisibilite+math.num.multiples-diviseurs	compléter l'écriture d'un entier pour satisfaire des divisibilités combinées	3	combiner des critères non premiers entre eux, solutions oubliées	d2
D24	serie	2	-	15-numeration-et-calcul+16-puissances	math.num.puissances+math.num.multiples-diviseurs	factoriser une combinaison de puissances pour établir une divisibilité	3	ne pas ramener les termes à une base commune	d2
D24	serie	3	-	12-repere-plan	math.vec.repere-coordonnees+math.vec.repere-calculs+math.geo.triangles-base	déterminer symétriques et milieux par coordonnées → classer un triangle → parallélisme	6	changer le signe de la mauvaise coordonnée	d2
D24	serie	4	-	12-repere-plan+18-quadrilateres	math.vec.repere-coordonnees+math.vec.repere-calculs+math.geo.quadrilateres	symétrique central par coordonnées → prouver un parallélogramme → milieu → triangle isocèle par distances	7	conclure sur la figure sans argument de milieu commun	d3
D25	serie	1	-	02-racines-carrees+16-puissances	math.num.puissances+math.num.racines-calcul	calculer des puissances d'exposant relatif de fractions, radicaux et décimaux	2	prendre un exposant négatif pour un résultat négatif	d1
D25	serie	2	-	01-nombres-reels+16-puissances	math.num.puissances+math.num.relatifs-operations	calculer des produits de puissances, bases négatives, fractionnaires ou radicales	2	se tromper de signe : base négative, exposant impair	d1
D25	serie	3	-	16-puissances	math.num.puissances	appliquer puissance d'une puissance, d'un produit et quotient de puissances	2	additionner les exposants au lieu de les multiplier	d1
D25	serie	4	-	02-racines-carrees+16-puissances	math.num.puissances+math.num.racines-calcul	évaluer des expressions mêlant puissances, radicaux et fractions avec priorités	3	confondre opposé d'une puissance et puissance d'un opposé	d2
D25	serie	5	-	02-racines-carrees+16-puissances	math.num.puissances+math.num.racines-calcul	condenser des produits de puissances en une puissance unique	3	regrouper des bases différentes sans exposant commun	d2
D25	serie	6	-	02-racines-carrees+16-puissances	math.num.puissances+math.num.racines-calcul	simplifier racines de puissances et sommes de puissances identiques	3	additionner des puissances égales en ajoutant les exposants	d2
D25	serie	7	-	02-racines-carrees+16-puissances+03-calcul-litteral	math.num.racines-calcul+math.num.puissances+math.alg.identites-remarquables	calculer un produit de conjugués puis l'exploiter pour de grandes puissances	4	ignorer le signe d'un facteur et la parité	d3
D25	serie	8	-	02-racines-carrees+16-puissances	math.num.puissances+math.num.racines-calcul	évaluer une expression à exposants négatifs en des valeurs radicales	3	mal inverser un quotient radical sous exposant négatif	d2
D25	serie	9	-	16-puissances	math.num.puissances	simplifier un quotient littéral de puissances puis l'évaluer pour plusieurs couples	4	erreur de signe sur exposants négatifs emboîtés	d3
D25	serie	10	-	02-racines-carrees+16-puissances	math.num.puissances+math.num.racines-calcul	calculer des puissances de bases négatives, fractionnaires ou radicales	1	négliger la parité de l'exposant pour le signe	d1
D25	serie	11	-	02-racines-carrees+16-puissances	math.num.puissances+math.num.racines-calcul	réduire des sommes de puissances de radicaux en tenant compte des signes	2	confondre moins devant une puissance et base négative	d2
D25	serie	12	-	01-nombres-reels+16-puissances	math.num.puissances+math.num.relatifs-operations	calculer des puissances d'exposant négatif, entiers, fractions, radicaux et décimaux	2	rattacher à tort le signe moins à la base	d1
D25	serie	13	-	02-racines-carrees+16-puissances	math.num.puissances+math.num.racines-calcul	évaluer des expressions combinant puissances négatives, radicaux et écriture décimale	3	oublier la priorité de la puissance sur le produit	d2
D25	serie	14	-	16-puissances	math.num.puissances	simplifier des produits et quotients de puissances numériques et littérales	3	soustraire les exposants dans le mauvais ordre	d2
D25	serie	15	-	02-racines-carrees+16-puissances	math.num.puissances+math.num.racines-calcul	calculer des expressions emboîtées à puissances négatives et radicaux	4	distribuer une puissance sur une somme	d3
D25	serie	16	-	02-racines-carrees+16-puissances+03-calcul-litteral	math.num.racines-calcul+math.num.puissances+math.alg.identites-remarquables	réinvestir un produit de conjugués pour des puissances d'exposants élevés	4	négliger le signe d'un facteur élevé à une puissance	d3
D25	serie	17	-	02-racines-carrees+16-puissances	math.num.puissances+math.num.racines-calcul	simplifier un monôme, l'évaluer via un produit donné, cas de nombres inverses	5	chercher chaque variable au lieu d'utiliser le produit	d3
D26	serie	1	-	19-valeur-absolue+02-racines-carrees+03-calcul-litteral	math.num.racines-calcul+math.alg.identites-remarquables+math.num.valeur-absolue	calculer des quotients de radicaux, rationaliser par conjugué, simplifier racine d'un carré	3	extraire la racine d'un carré sans valeur absolue	d2
D26	serie	2	-	08-thales+18-quadrilateres	math.geo.thales-direct+math.geo.quadrilateres	appliquer Thalès entre bases parallèles → rapport et longueur → milieu → longueur	7	apparier les mauvais segments dans les rapports	d3
D27	serie	1	-	02-racines-carrees+16-puissances	math.num.puissances+math.num.racines-definition	déterminer le signe de puissances puis calculer des expressions à puissances	2	confondre l'opposé d'une puissance et la puissance d'un opposé	d1
D27	serie	2	-	02-racines-carrees+16-puissances	math.num.puissances+math.num.racines-calcul	calculer avec exposants négatifs puis condenser en une seule puissance	3	traiter un exposant négatif comme un résultat négatif	d2
D27	serie	3	-	16-puissances	math.num.puissances	condenser sommes, produits, quotients en une puissance, puis réduire du littéral	3	additionner des puissances égales en additionnant les exposants	d2
D28	serie	1	-	17-ordre-et-comparaison	math.num.ordre-encadrement	encadrer la somme d'un réel positif et de son inverse	2	garder le même ordre des bornes après passage à l'inverse	d2
D28	serie	2	-	17-ordre-et-comparaison	math.num.ordre-encadrement	encadrer sommes, produits et carrés de réels bornés, puis combinaisons quotient/produit	5	ignorer les signes en multipliant ou en élevant au carré	d3
D28	serie	3	-	17-ordre-et-comparaison	math.num.ordre-encadrement	encadrer une expression affine, un inverse translaté et un carré translaté	3	élever au carré un encadrement négatif sans inverser l'ordre	d2
D28	serie	4	-	17-ordre-et-comparaison	math.num.ordre-encadrement	encadrer un quotient d'expressions à radical à partir d'une approximation donnée	4	diviser les bornes sans gérer le signe négatif du numérateur	d3
D28	serie	5	-	02-racines-carrees+17-ordre-et-comparaison	math.num.ordre-encadrement+math.num.racines-calcul	déduire d'encadrements de radicaux ceux de leurs somme, produit, différence, quotients	4	soustraire les bornes de même rang pour encadrer une différence	d3
D28	serie	6	-	17-ordre-et-comparaison+09-triangle-rectangle-trigo	math.num.ordre-encadrement+math.geo.pythagore	propager des encadrements de cathètes jusqu'à l'hypoténuse via Pythagore	4	additionner les côtés au lieu de leurs carrés	d3
D28	serie	7	-	17-ordre-et-comparaison	math.num.ordre-encadrement+math.mes.aires	propager encadrements du rayon et de la constante du cercle vers l'aire	2	oublier d'élever le rayon au carré	d2
D28	serie	8	-	02-racines-carrees+17-ordre-et-comparaison	math.num.ordre-encadrement+math.num.racines-definition	encadrer un quotient de produits de carrés puis sa racine carrée	5	carré d'un réel négatif borné sans permuter les bornes	d3
D28	serie	9	-	17-ordre-et-comparaison	math.num.ordre-encadrement	convertir des conditions d'inégalité en notation d'intervalles, réunions comprises	1	confondre crochet ouvert et fermé, ou réunion et intersection	d1
D28	serie	10	-	17-ordre-et-comparaison	math.num.ordre-encadrement	réécrire des ensembles notés en intervalles sous forme de conditions d'ordre	1	oublier le point exclu entre intervalles contigus	d1
D28	serie	11	-	17-ordre-et-comparaison	math.num.ordre-encadrement	opérer intersections et réunions sur des paires d'intervalles aux bornes délicates	2	mal gérer une borne commune ouverte d'un seul côté	d2
D28	serie	12	-	19-valeur-absolue+17-ordre-et-comparaison	math.num.valeur-absolue+math.num.ordre-encadrement	caractériser des intervalles par milieu et demi-longueur, puis condition de distance	2	forcer une écriture en valeur absolue sur un intervalle semi-ouvert	d2
D28	serie	13	-	01-nombres-reels+17-ordre-et-comparaison	math.num.ordre-encadrement+math.num.ensembles-nombres	passer d'une appartenance à un ensemble à l'inégalité équivalente, et réciproquement	1	mal traiter l'origine dans les notations étoilées et signées	d1
D28	serie	14	-	17-ordre-et-comparaison+03-calcul-litteral	math.alg.developpement+math.num.ordre-encadrement	vérifier une décomposition de fraction rationnelle, l'exploiter pour encadrer	5	diviser borne inférieure par borne inférieure dans un quotient	d3
D28	serie	15	-	01-nombres-reels+17-ordre-et-comparaison	math.num.ordre-encadrement+math.num.ensembles-nombres	tabuler intersections et réunions d'intervalles, dont ensembles de réels de signe donné	2	croire vide l'intersection des positifs et des négatifs larges	d2
D28	serie	16	-	19-valeur-absolue+02-racines-carrees+17-ordre-et-comparaison	math.num.valeur-absolue+math.num.ordre-encadrement+math.num.racines-calcul	étudier le signe d'expressions irrationnelles, lever les valeurs absolues, réduire une somme	4	prendre une approximation fractionnaire usuelle pour la valeur exacte	d3
D28	serie	17	-	19-valeur-absolue	math.num.valeur-absolue	résoudre des équations à valeur absolue et placer les solutions sur l'axe	2	ne garder qu'une solution ou inverser le signe du centre	d1
D28	serie	18	-	19-valeur-absolue+17-ordre-et-comparaison	math.num.valeur-absolue+math.num.ordre-encadrement	traduire des inéquations à valeur absolue en intervalles puis les représenter	3	intervalle borné au lieu d'une réunion pour une minoration	d2
D28	serie	19	-	19-valeur-absolue+17-ordre-et-comparaison	math.num.valeur-absolue+math.num.ordre-encadrement	résoudre équations et inéquations à valeur absolue, coefficient négatif inclus, puis représenter	3	mal gérer un coefficient négatif sous la valeur absolue	d2
D29	serie	1	-	02-racines-carrees+03-calcul-litteral	math.alg.identites-remarquables+math.num.racines-calcul	développer carrés et produits de conjugués comportant des radicaux	2	oublier le double produit en développant un carré	d1
D29	serie	2	-	02-racines-carrees+16-puissances+03-calcul-litteral	math.alg.identites-remarquables+math.num.racines-calcul+math.num.puissances	développer des expressions radicales puis réduire des puissances de conjugués	3	exposants inégaux : oublier le facteur résiduel	d2
D29	serie	3	-	02-racines-carrees+16-puissances+03-calcul-litteral	math.alg.identites-remarquables+math.num.racines-calcul+math.num.puissances	calculer carrés et produit de conjugués → inverses de carrés → quotients	5	réduire au même dénominateur sans exploiter le produit connu	d3
D29	serie	4	-	02-racines-carrees+03-calcul-litteral	math.alg.identites-remarquables+math.num.racines-calcul+math.alg.factorisation	développer des carrés conjugués → relation d'inversion → factorisation d'une différence	5	développer brutalement au lieu de factoriser	d3
D30	serie	1	-	15-numeration-et-calcul+16-puissances+07-statistiques	math.num.criteres-divisibilite+math.prob.denombrement-issues+math.num.puissances	enchaîner critères combinés, chiffres manquants, dénombrement, puis divisibilité d'une différence de puissances	4	combiner des critères de diviseurs non premiers entre eux	d3
D30	serie	2	-	15-numeration-et-calcul+16-puissances	math.num.criteres-divisibilite+math.num.puissances	tester des divisibilités composées puis prouver celle d'une somme de puissances	3	ne pas ramener les puissances à une même base	d2
D30	serie	3	-	07-statistiques	math.prob.denombrement-issues	lister puis compter des arrangements de chiffres à l'aide d'un arbre	2	inclure des nombres à chiffres répétés	d1
D30	serie	4	-	01-nombres-reels+17-ordre-et-comparaison	math.num.ensembles-nombres+math.num.ordre-encadrement	distinguer appartenance/inclusion, puis développer et comparer des décimaux illimités périodiques	2	confondre élément et partie, ou tronquer une période	d2
D30	serie	5	-	12-repere-plan+18-quadrilateres	math.vec.repere-coordonnees+math.vec.repere-calculs+math.geo.quadrilateres	placer des points, construire leurs symétriques centraux, lire coordonnées, justifier un parallélogramme	3	changer le signe d'une seule coordonnée pour la symétrie centrale	d2
D30	serie	6	-	12-repere-plan	math.vec.repere-calculs+math.vec.repere-coordonnees+math.geo.triangles-base	vérifier un milieu, construire un symétrique axial, qualifier un triangle	3	confondre symétrie axiale et symétrie centrale dans le repère	d2
D30	serie	7	-	12-repere-plan+18-quadrilateres	math.vec.repere-calculs+math.vec.repere-coordonnees+math.geo.quadrilateres	justifier un parallélisme par coordonnées, calculer milieu, prouver parallélogramme, trouver une intersection	5	calculer l'intersection sans voir des droites parallèles aux axes	d3
D31	serie	1	-	19-valeur-absolue+02-racines-carrees+03-calcul-litteral	math.alg.developpement+math.num.racines-calcul+math.num.valeur-absolue	développer des produits (radicaux, binômes) puis évaluer une expression à valeurs absolues	3	erreur de signe en distribuant un facteur négatif	d2
D31	serie	2	-	03-calcul-litteral+04-equations-inequations	math.alg.factorisation+math.alg.equations-produit+math.alg.developpement	factoriser via facteur commun, prouver une relation, résoudre des équations produit	5	diviser par un facteur pouvant s'annuler au lieu de factoriser	d3
D31	serie	3	-	02-racines-carrees+03-calcul-litteral	math.num.racines-calcul+math.alg.identites-remarquables	réduire des radicaux, établir la réciprocité de conjugués, puis sommer leurs inverses	3	additionner des radicaux de radicandes différents sans les réduire	d2
D31	serie	4	-	02-racines-carrees+03-calcul-litteral	math.num.racines-calcul+math.alg.identites-remarquables	réduire des radicaux → réciprocité de conjugués → carrés → racine d'une expression composée	5	développer sous la racine sans reconnaître un carré parfait	d3
D31	serie	5	-	08-thales	math.geo.thales-direct	enchaîner Thalès triangle puis papillon, égaler des rapports, déduire une longueur	5	associer des segments non homologues dans les rapports de Thalès	d3
D31	serie	6	-	08-thales+09-triangle-rectangle-trigo+18-quadrilateres	math.geo.thales-direct+math.geo.pythagore+math.geo.quadrilateres	exploiter des parallèles dans un trapèze → concours des côtés → milieux → Pythagore	7	confondre rapport partiel et rapport total sur un même côté	d4
D31	serie	7	-	08-thales	math.geo.thales-direct+math.prop.situations	subdiviser régulièrement un segment puis répartir sa longueur proportionnellement	3	diviser par un terme au lieu de leur somme	d2
D31	serie	8	-	08-thales+18-quadrilateres	math.geo.thales-direct+math.geo.quadrilateres	lire un milieu codé sur une figure, appliquer le théorème des milieux	2	confondre le segment demandé avec toute la parallèle	d2
D32	serie	1	-	02-racines-carrees+03-calcul-litteral	math.alg.identites-remarquables+math.num.racines-calcul+math.alg.developpement	développer par identités remarquables des binômes à radicaux ou littéraux, conjugués compris	3	oublier le terme rectangle en développant un carré	d2
D32	serie	2	-	02-racines-carrees+03-calcul-litteral	math.num.racines-calcul+math.alg.identites-remarquables	calculer carrés et produit de conjugués, exploiter leur réciprocité dans des quotients	4	additionner des quotients en sommant numérateurs et dénominateurs	d2
D32	serie	3	-	02-racines-carrees+09-triangle-rectangle-trigo	math.geo.pythagore+math.num.racines-calcul	enchaîner réciproque de Pythagore, calcul de longueur, puis qualifier un autre triangle	5	tester la réciproque sans prendre le plus grand côté	d3
D33	serie	1	-	09-triangle-rectangle-trigo+20-orthogonalite-espace	math.esp.cube-pave+math.geo.pythagore+hors-registre:orthogonalite-espace	établir une orthogonalité droite-plan dans un cube, puis angles droits via Pythagore	5	se fier à la perspective pour juger un angle droit	d3
D33	serie	2	-	09-triangle-rectangle-trigo+20-orthogonalite-espace	math.esp.cube-pave+math.geo.pythagore+hors-registre:orthogonalite-espace	prouver orthogonalités droite-plan puis droite-droite dans un pavé, et un parallélisme spatial	5	conclure l'orthogonalité avec une seule droite du plan	d3
D33	serie	3	-	09-triangle-rectangle-trigo+20-orthogonalite-espace	math.esp.cube-pave+math.geo.relations-metriques+math.geo.pythagore	calculer des diagonales de pavé → projeté et relations métriques → angles droits spatiaux	6	placer l'angle droit au mauvais sommet d'un triangle spatial	d4
D33	serie	4	-	09-triangle-rectangle-trigo+20-orthogonalite-espace	math.esp.solides-espace+math.geo.pythagore+hors-registre:orthogonalite-espace	calculer des longueurs d'un prisme droit par Pythagore et orthogonalité d'arête	4	ignorer que pied de hauteur et milieu coïncident	d2
D33	serie	5	-	08-thales+09-triangle-rectangle-trigo+20-orthogonalite-espace	math.esp.solides-espace+math.geo.pythagore+math.geo.thales-direct	enchaîner réciproque de Pythagore, centre de gravité et Thalès sur un prisme	6	placer le centre de gravité au milieu de la médiane	d4
D33	serie	6	-	09-triangle-rectangle-trigo+20-orthogonalite-espace	math.esp.solides-espace+math.geo.pythagore	calculer demi-diagonale, arête latérale, apothème et médiane d'une pyramide régulière	3	confondre apothème et arête latérale de la pyramide	d2
D33	serie	7	-	09-triangle-rectangle-trigo+20-orthogonalite-espace	math.esp.solides-espace+math.geo.pythagore+math.geo.triangles-base	calculer longueurs de pyramide triangulaire régulière → droite des milieux → qualifier un triangle	5	prendre le centre à mi-hauteur de la base équilatérale	d3
